lights,T1,RH_1,T2,RH_2,T3,RH_3,T4,RH_4,T5,RH_5,T6,RH_6,T7,RH_7,T8,RH_8,T9,RH_9,T_out,Press_mm_hg,RH_out,Windspeed,Visibility,Tdewpoint,rv1,rv2
30,19.89,47.59666667,19.2,44.79,19.79,44.73,19,45.56666667,17.16666667,55.2,7.026666667,84.25666667,17.2,41.62666667,18.2,48.9,17.03333333,45.53,6.60E+00,733.5,92,7,63,5.30E+00,13.27543316,13.27543316
